drop database if exists cafe;
create database cafe;
use cafe;
DROP TABLE IF EXISTS `menu`;
 SET character_set_client = utf8mb4 ;
CREATE TABLE `menu` (`menu_name` varchar(15) NOT NULL,`menu_type` varchar(15) DEFAULT NULL,`menu_value` int(11) DEFAULT NULL,PRIMARY KEY (`menu_name`)) ENGINE=InnoDB DEFAULT CHARSET=utf8mb4 COLLATE=utf8mb4_0900_ai_ci;
LOCK TABLES `menu` WRITE;
INSERT INTO `menu` VALUES ('딸기조각케이크','dessert',6500),('레몬 에이드','ade',4500),('레몬차','tea',4000),('마카롱','dessert',4500),('밀크티','tea',5000),('바닐라 라떼','coffee',5500),('베이글','dessert',5000),('복숭아에이드','ade',5500),('블루레몬에이드','ade',4500),('샌드위치','dessert',5500),('아메리카노','coffee',4500),('아이스크림크로플','dessert',6500),('아포가토','coffee',5500),('앙버터','dessert',5500),('얼그레이','tea',4500),('에스프레소','coffee',3500),('오렌지에이드','ade',5000),('유자에이드','ade',5000),('유자차','tea',4000),('자몽에이드','ade',5000),('자몽차','tea',4000),('청포도에이드','ade',5500),('초코조각케이크','dessert',6500),('치즈조각케이크','dessert',6000),('치즈크로플','dessert',6000),('카라멜마끼아또','coffee',6000),('카모마일','tea',4500),('카페라떼','coffee',5000),('카페모카','coffee',5000),('카푸치노','coffee',5000),('페퍼민트','tea',4500),('허니브레드','dessert',6000),('헤이즐넛라떼','coffee',5500);
UNLOCK TABLES;
DROP TABLE IF EXISTS `place`;
 SET character_set_client = utf8mb4 ;
CREATE TABLE `place`(`place_name` varchar(50) CHARACTER SET utf8mb4 COLLATE utf8mb4_0900_ai_ci NOT NULL,`place_address` varchar(50) DEFAULT NULL,`place_ceo` varchar(10) DEFAULT NULL,`place_status` varchar(100) CHARACTER SET utf8mb4 COLLATE utf8mb4_0900_ai_ci DEFAULT NULL,PRIMARY KEY (`place_name`))ENGINE=InnoDB DEFAULT CHARSET=utf8mb4 COLLATE=utf8mb4_0900_ai_ci;
LOCK TABLES `place` WRITE;
INSERT INTO `place` VALUES ('투썸플레이스 대구경북대점','대구광역시 북구 산격4동','최규환','OPEN'),('투썸플레이스 대구동북로점','대구광역시 동구 신암4동 648-6','유대한','OPEN'),('투썸플레이스 대구동촌유원지점','대구광역시 동구 효목동 981','백형준','OPEN'),('투썸플레이스 대구반월당점','대구광역시 중구 남산2동 달구벌대로 2068','풍정태','OPEN'),('투썸플레이스 대구수성점','대구광역시 수성구 수성동4가 달구벌대로 2333','이용식','OPEN'),('투썸플레이스 대구엑스코점','대구광역시 북구 유통단지로8길 86','배영준','OPEN'),('투썸플레이스 대구주얼리광장점','대구광역시 중구 북성로1가 91-1','하병수','OPEN'),('투썸플레이스 동성로점','대구광역시 중구 삼덕동1가 17-5','설은성','OPEN');
UNLOCK TABLES;
DROP TABLE IF EXISTS `user`;
 SET character_set_client = utf8mb4 ;
CREATE TABLE `user`(`user_id` varchar(15) NOT NULL,`user_name` varchar(10) DEFAULT NULL,`user_pw` varchar(15) DEFAULT NULL,`user_birth` date DEFAULT NULL,`user_gender` varchar(10) DEFAULT NULL,`user_phone` varchar(15) DEFAULT NULL,PRIMARY KEY (`user_id`)) ENGINE=InnoDB DEFAULT CHARSET=utf8mb4 COLLATE=utf8mb4_0900_ai_ci;
LOCK TABLES `user` WRITE;
INSERT INTO `user` VALUES ('admin','관리자','admin123','2000-01-01','남성','01000000000'),('anstjrals','문석민','tjrals123','2001-11-21','남성','01043218765'),('chlwotlr','최재식','wotlr123','1997-01-30','여성','01090881629'),('qkrrbxo','박규태','rbxo123','2005-03-19','남성','01061325994'),('rhkrwndgh','최재식','wotlr123','1997-01-30','여성','01090881629'),('rlaalstjr','김민석','alstjr123','1970-02-11','여성','01039492883'),('tjalstjd','서민성','alstjd123','2000-09-19','남성','01012345678'),('wjdrbdms','정규은','rbdms123','1999-12-15','남성','01052289471'),('wjdxodbs','정태윤','xodbs123','2002-03-01','여성','01062893172');
UNLOCK TABLES;
DROP TABLE IF EXISTS `orders`;
 SET character_set_client = utf8mb4 ;
CREATE TABLE `orders` (`order_number` int(11) NOT NULL,`order_value` int(11) DEFAULT NULL,`order_date` date DEFAULT NULL,`user_id` varchar(15) CHARACTER SET utf8mb4 COLLATE utf8mb4_0900_ai_ci DEFAULT NULL,`place_name` varchar(15) CHARACTER SET utf8mb4 COLLATE utf8mb4_0900_ai_ci DEFAULT NULL,PRIMARY KEY (`order_number`),KEY `order_FK` (`place_name`),KEY `order_FK_1` (`user_id`), CONSTRAINT `order_FK` FOREIGN KEY (`place_name`) REFERENCES `place` (`place_name`) ON DELETE SET NULL ON UPDATE CASCADE, CONSTRAINT `order_FK_1` FOREIGN KEY (`user_id`) REFERENCES `user` (`user_id`) ON DELETE SET NULL ON UPDATE CASCADE) ENGINE=InnoDB DEFAULT CHARSET=utf8mb4 COLLATE=utf8mb4_0900_ai_ci;
LOCK TABLES `orders` WRITE;
INSERT INTO `orders` VALUES (0,10000,'2022-10-28','wjdxodbs','투썸플레이스 대구경북대점'),(1,19000,'2022-10-28','anstjrals','투썸플레이스 대구경북대점'),(2,NULL,'2022-10-29','chlwotlr','투썸플레이스 대구동북로점'),(3,16500,'2022-10-29','chlwotlr','투썸플레이스 대구동촌유원지점'),(4,18500,'2022-10-30','qkrrbxo','투썸플레이스 대구반월당점'),(5,35800,'2022-10-30','rhkrwndgh','투썸플레이스 대구수성점'),(6,24800,'2022-10-31','rlaalstjr','투썸플레이스 대구엑스코점'),(7,22500,'2022-10-31','tjalstjd','투썸플레이스 동성로점'),(8,24600,'2022-11-01','wjdrbdms','투썸플레이스 동성로점'),(9,20900,'2022-11-01','wjdxodbs','투썸플레이스 대구동북로점'),(10,31000,'2022-11-02','anstjrals','투썸플레이스 대구동북로점'),(11,23500,'2022-11-02','chlwotlr','투썸플레이스 대구동촌유원지점'),(12,56600,'2022-11-03','qkrrbxo','투썸플레이스 대구수성점'),(13,10500,'2022-11-03','rhkrwndgh','투썸플레이스 대구엑스코점'),(14,14000,'2022-11-04','rlaalstjr','투썸플레이스 대구주얼리광장점'),(15,22800,'2022-11-05','tjalstjd','투썸플레이스 대구주얼리광장점'),(16,10000,'2022-11-06','wjdrbdms','투썸플레이스 대구경북대점'),(17,19500,'2022-11-06','wjdrbdms','투썸플레이스 대구주얼리광장점'),(18,16500,'2022-11-06','wjdrbdms','투썸플레이스 대구주얼리광장점'),(19,31000,'2022-11-07','wjdxodbs','투썸플레이스 대구엑스코점'),(20,21000,'2022-11-07','rhkrwndgh','투썸플레이스 대구주얼리광장점'),(21,NULL,'2022-11-08','anstjrals','투썸플레이스 동성로점'),(22,83000,'2022-11-08','anstjrals','투썸플레이스 대구수성점'),(23,22500,'2022-11-08','chlwotlr','투썸플레이스 대구엑스코점'),(24,5000,'2022-11-08','chlwotlr','투썸플레이스 대구동촌유원지점'),(25,5500,'2022-11-09','qkrrbxo','투썸플레이스 대구경북대점'),(26,44200,'2022-11-09','qkrrbxo','투썸플레이스 대구동촌유원지점'),(27,33000,'2022-11-09','rlaalstjr','투썸플레이스 대구수성점'),(28,13500,'2022-11-10','tjalstjd','투썸플레이스 대구동촌유원지점'),(29,28500,'2022-11-10','wjdrbdms','투썸플레이스 동성로점'),(30,37500,'2022-11-10','wjdrbdms','투썸플레이스 대구동촌유원지점'),(31,45000,'2022-11-11','wjdxodbs','투썸플레이스 대구주얼리광장점'),(32,38000,'2022-11-11','anstjrals','투썸플레이스 대구주얼리광장점'),(33,54500,'2022-11-15','anstjrals','투썸플레이스 대구반월당점'),(34,40500,'2022-11-13','anstjrals','투썸플레이스 대구동북로점'),(35,32500,'2022-11-13','chlwotlr','투썸플레이스 대구반월당점'),(36,5000,'2022-11-15','chlwotlr','투썸플레이스 대구주얼리광장점'),(37,5500,'2022-11-08','chlwotlr','투썸플레이스 동성로점'),(38,10000,'2022-11-12','qkrrbxo','투썸플레이스 동성로점'),(39,18500,'2022-11-14','qkrrbxo','투썸플레이스 대구엑스코점'),(40,27500,'2022-11-14','rhkrwndgh','투썸플레이스 대구수성점'),(41,38000,'2022-11-15','rhkrwndgh','투썸플레이스 대구경북대점'),(42,8000,'2022-11-12','rlaalstjr','투썸플레이스 대구동북로점'),(43,34500,'2022-11-13','wjdxodbs','투썸플레이스 대구동북로점'),(44,17500,'2022-11-12','anstjrals','투썸플레이스 대구수성점'),(45,78500,'2022-11-16','anstjrals','투썸플레이스 대구동북로점'),(46,15500,'2022-11-14','chlwotlr','투썸플레이스 대구수성점'),(47,24000,'2022-11-06','chlwotlr','투썸플레이스 대구주얼리광장점'),(48,24500,'2022-11-06','rlaalstjr','투썸플레이스 대구주얼리광장점'),(49,45000,'2022-11-09','rlaalstjr','투썸플레이스 대구동북로점'),(50,27000,'2022-11-08','tjalstjd','투썸플레이스 대구동촌유원지점'),(51,40000,'2022-11-10','wjdrbdms','투썸플레이스 대구수성점'),(52,24000,'2022-10-25','wjdxodbs','투썸플레이스 대구수성점'),(53,5000,'2022-10-29','wjdxodbs','투썸플레이스 대구엑스코점'),(54,15000,'2022-10-31','wjdxodbs','투썸플레이스 대구주얼리광장점'),(55,28500,'2022-10-31','wjdxodbs','투썸플레이스 동성로점'),(56,17900,'2022-10-28','chlwotlr','투썸플레이스 동성로점'),(57,25400,'2022-10-26','chlwotlr','투썸플레이스 대구수성점'),(58,36500,'2022-11-16','qkrrbxo','투썸플레이스 대구반월당점'),(59,26000,'2022-11-16','rhkrwndgh','투썸플레이스 대구주얼리광장점'),(60,66000,'2022-11-16','rlaalstjr','투썸플레이스 대구수성점'),(61,5000,'2022-11-16','tjalstjd','투썸플레이스 동성로점'),(62,41600,'2022-11-16','wjdrbdms','투썸플레이스 동성로점'),(63,34500,'2022-11-16','wjdxodbs','투썸플레이스 대구반월당점'),(64,29500,'2022-11-17','anstjrals','투썸플레이스 대구동촌유원지점'),(65,33000,'2022-11-17','chlwotlr','투썸플레이스 동성로점'),(66,10600,'2022-11-17','qkrrbxo','투썸플레이스 대구경북대점'),(67,13500,'2022-11-17','rhkrwndgh','투썸플레이스 동성로점'),(68,21900,'2022-11-17','rlaalstjr','투썸플레이스 대구엑스코점'),(69,82000,'2022-11-17','tjalstjd','투썸플레이스 동성로점'),(70,NULL,'2022-10-25','tjalstjd','투썸플레이스 대구반월당점'),(71,22600,'2022-10-25','tjalstjd','투썸플레이스 대구수성점'),(72,27600,'2022-11-15','tjalstjd','투썸플레이스 대구반월당점'),(73,19000,'2022-11-16','rhkrwndgh','투썸플레이스 대구경북대점'),(74,25000,'2022-11-17','wjdxodbs','투썸플레이스 대구경북대점'),(75,16000,'2022-11-18','wjdxodbs','투썸플레이스 대구동북로점'),(76,24000,'2022-11-18','wjdxodbs','투썸플레이스 대구동북로점'),(77,23500,'2022-11-19','rlaalstjr','투썸플레이스 대구동북로점'),(78,26500,'2022-11-19','rlaalstjr','투썸플레이스 대구수성점'),(79,21500,'2022-11-19','rlaalstjr','투썸플레이스 대구경북대점'),(80,36500,'2022-11-20','rlaalstjr','투썸플레이스 대구경북대점'),(81,15500,'2022-11-20','wjdrbdms','투썸플레이스 대구반월당점'),(82,28500,'2022-11-20','wjdrbdms','투썸플레이스 대구주얼리광장점'),(83,24500,'2022-11-20','wjdrbdms','투썸플레이스 대구동북로점'),(84,34000,'2022-11-20','wjdrbdms','투썸플레이스 동성로점'),(85,19000,'2022-11-21','anstjrals','투썸플레이스 대구경북대점'),(86,12500,'2022-11-21','anstjrals','투썸플레이스 대구수성점'),(87,24500,'2022-11-21','anstjrals','투썸플레이스 대구경북대점'),(88,27500,'2022-11-21','anstjrals','투썸플레이스 대구경북대점'),(89,24500,'2022-11-21','tjalstjd','투썸플레이스 대구경북대점'),(90,9500,'2022-11-21','tjalstjd','투썸플레이스 대구동북로점'),(91,9500,'2022-11-21','tjalstjd','투썸플레이스 대구주얼리광장점'),(92,22500,'2022-11-21','tjalstjd','투썸플레이스 대구엑스코점'),(93,21000,'2022-11-22','chlwotlr','투썸플레이스 대구동북로점'),(94,10000,'2022-11-22','chlwotlr','투썸플레이스 대구동북로점'),(95,14500,'2022-11-22','chlwotlr','투썸플레이스 대구반월당점'),(96,4500,'2022-11-22','chlwotlr','투썸플레이스 대구주얼리광장점'),(97,10000,'2022-11-22','qkrrbxo','투썸플레이스 대구동촌유원지점'),(98,14500,'2022-11-22','qkrrbxo','투썸플레이스 대구반월당점'),(99,15500,'2022-11-23','qkrrbxo','투썸플레이스 대구반월당점'),(100,5500,'2022-11-23','rhkrwndgh','투썸플레이스 대구동촌유원지점'),(101,14000,'2022-11-23','anstjrals','투썸플레이스 대구경북대점'),(102,16000,'2022-11-24','rlaalstjr','투썸플레이스 대구경북대점'),(103,34500,'2022-11-24','wjdrbdms','투썸플레이스 대구수성점'),(104,25500,'2022-11-24','wjdrbdms','투썸플레이스 대구주얼리광장점'),(105,41000,'2022-11-24','tjalstjd','투썸플레이스 대구수성점'),(106,16100,'2022-11-24','tjalstjd','투썸플레이스 대구동촌유원지점'),(107,27500,'2022-11-24','rlaalstjr','투썸플레이스 대구동북로점'),(108,26000,'2022-11-24','chlwotlr','투썸플레이스 대구수성점'),(109,5500,'2022-11-24','chlwotlr','투썸플레이스 대구동북로점'),(110,29000,'2022-11-24','chlwotlr','투썸플레이스 대구주얼리광장점'),(111,26000,'2022-11-25','wjdxodbs','투썸플레이스 대구동북로점'),(112,9500,'2022-11-25','wjdxodbs','투썸플레이스 대구주얼리광장점'),(113,17500,'2022-11-25','rlaalstjr','투썸플레이스 대구반월당점'),(114,NULL,'2022-11-26','rhkrwndgh','투썸플레이스 대구경북대점'),(115,22000,'2022-11-26','rhkrwndgh','투썸플레이스 대구동북로점'),(116,21000,'2022-11-26','rhkrwndgh','투썸플레이스 대구엑스코점'),(117,19500,'2022-11-26','chlwotlr','투썸플레이스 대구동북로점'),(118,16500,'2022-11-26','chlwotlr','투썸플레이스 대구주얼리광장점'),(119,11000,'2022-11-27','qkrrbxo','투썸플레이스 대구반월당점'),(120,36000,'2022-11-27','qkrrbxo','투썸플레이스 대구동북로점'),(121,31000,'2022-11-27','qkrrbxo','투썸플레이스 대구엑스코점'),(122,25500,'2022-11-27','qkrrbxo','투썸플레이스 대구반월당점'),(123,21500,'2022-11-27','qkrrbxo','투썸플레이스 대구동북로점'),(124,20000,'2022-11-28','tjalstjd','투썸플레이스 대구동북로점'),(125,26500,'2022-11-28','rlaalstjr','투썸플레이스 대구동북로점'),(126,38000,'2022-11-28','wjdrbdms','투썸플레이스 대구동촌유원지점'),(127,25000,'2022-11-28','wjdrbdms','투썸플레이스 대구수성점'),(128,33500,'2022-11-29','rhkrwndgh','투썸플레이스 대구동촌유원지점'),(129,15500,'2022-11-29','anstjrals','투썸플레이스 대구동북로점'),(130,5500,'2022-11-29','anstjrals','투썸플레이스 대구동촌유원지점'),(131,26000,'2022-11-30','chlwotlr','투썸플레이스 대구반월당점'),(132,26500,'2022-11-30','tjalstjd','투썸플레이스 대구주얼리광장점'),(133,17000,'2022-11-30','rlaalstjr','투썸플레이스 대구수성점'),(134,16000,'2022-11-30','rlaalstjr','투썸플레이스 대구동촌유원지점'),(135,4500,'2022-11-30','rlaalstjr','투썸플레이스 대구반월당점'),(136,10000,'2022-12-01','wjdxodbs','투썸플레이스 대구수성점'),(137,11000,'2022-12-01','wjdxodbs','투썸플레이스 대구주얼리광장점'),(138,10000,'2022-12-01','wjdxodbs','투썸플레이스 대구수성점'),(139,10000,'2022-12-01','wjdrbdms','투썸플레이스 대구동촌유원지점'),(140,4500,'2022-12-01','wjdrbdms','투썸플레이스 대구동촌유원지점'),(141,10000,'2022-12-01','rhkrwndgh','투썸플레이스 대구동촌유원지점'),(142,15500,'2022-12-01','rhkrwndgh','투썸플레이스 대구수성점'),(143,5500,'2022-12-01','rhkrwndgh','투썸플레이스 대구동촌유원지점'),(144,11000,'2022-12-01','chlwotlr','투썸플레이스 대구반월당점'),(145,4500,'2022-12-02','rlaalstjr','투썸플레이스 대구동촌유원지점'),(146,11000,'2022-12-02','rlaalstjr','투썸플레이스 대구엑스코점'),(147,5500,'2022-12-02','rlaalstjr','투썸플레이스 대구주얼리광장점'),(148,10000,'2022-12-02','tjalstjd','투썸플레이스 대구동촌유원지점'),(149,18000,'2022-12-02','tjalstjd','투썸플레이스 대구주얼리광장점'),(150,9000,'2022-12-02','tjalstjd','투썸플레이스 대구반월당점'),(151,10000,'2022-12-02','wjdxodbs','투썸플레이스 대구동촌유원지점'),(152,4500,'2022-12-02','wjdxodbs','투썸플레이스 대구엑스코점'),(153,19500,'2022-12-03','wjdxodbs','투썸플레이스 대구수성점'),(154,5500,'2022-12-03','wjdxodbs','투썸플레이스 대구동촌유원지점'),(155,13500,'2022-12-03','chlwotlr','투썸플레이스 대구동촌유원지점'),(156,9000,'2022-12-03','chlwotlr','투썸플레이스 대구반월당점'),(157,10000,'2022-12-03','qkrrbxo','투썸플레이스 대구동북로점'),(158,5500,'2022-12-03','qkrrbxo','투썸플레이스 대구엑스코점'),(159,26000,'2022-12-04','rhkrwndgh','투썸플레이스 대구주얼리광장점'),(160,10500,'2022-12-04','rhkrwndgh','투썸플레이스 동성로점'),(161,18000,'2022-12-04','rhkrwndgh','투썸플레이스 동성로점'),(162,10000,'2022-12-04','wjdxodbs','투썸플레이스 대구동북로점'),(163,17500,'2022-12-05','tjalstjd','투썸플레이스 대구동촌유원지점'),(164,21000,'2022-12-05','tjalstjd','투썸플레이스 대구수성점'),(165,NULL,'2022-12-05','wjdxodbs','투썸플레이스 동성로점'),(166,10000,'2022-12-05','wjdxodbs','투썸플레이스 대구동촌유원지점'),(167,27500,'2022-12-05','rlaalstjr','투썸플레이스 동성로점'),(168,10000,'2022-12-05','rlaalstjr','투썸플레이스 대구동촌유원지점'),(169,26500,'2022-12-05','anstjrals','투썸플레이스 대구반월당점'),(170,10000,'2022-12-05','anstjrals','투썸플레이스 대구동북로점'),(171,5500,'2022-12-05','rhkrwndgh','투썸플레이스 대구동촌유원지점'),(172,NULL,'2022-12-05','rhkrwndgh','투썸플레이스 대구엑스코점'),(173,4500,'2022-12-05','rhkrwndgh','투썸플레이스 대구동촌유원지점'),(174,13000,'2022-12-05','chlwotlr','투썸플레이스 동성로점'),(175,15500,'2022-12-05','chlwotlr','투썸플레이스 동성로점'),(176,10000,'2022-12-05','qkrrbxo','투썸플레이스 대구반월당점');
UNLOCK TABLES;
DROP TABLE IF EXISTS `cart`;
 SET character_set_client = utf8mb4 ;
CREATE TABLE `cart` (`cart_value` int(11) DEFAULT NULL,  `cart_temperature` int(11) DEFAULT NULL,  `cart_size` int(11) DEFAULT NULL,`cart_syrup` int(11) DEFAULT NULL,`cart_shot` int(11) DEFAULT NULL,`cart_number` int(11) DEFAULT NULL,`menu_name` varchar(15) CHARACTER SET utf8mb4 COLLATE utf8mb4_0900_ai_ci DEFAULT NULL,`order_number` int(11) DEFAULT NULL,KEY `cart_FK_1` (`menu_name`),KEY `cart_FK` (`order_number`),CONSTRAINT `cart_FK` FOREIGN KEY (`order_number`) REFERENCES `orders` (`order_number`) ON DELETE SET NULL ON UPDATE CASCADE,CONSTRAINT `cart_FK_1` FOREIGN KEY (`menu_name`) REFERENCES `menu` (`menu_name`) ON DELETE SET NULL ON UPDATE CASCADE) ENGINE=InnoDB DEFAULT CHARSET=utf8mb4 COLLATE=utf8mb4_0900_ai_ci;
LOCK TABLES `cart` WRITE;
INSERT INTO `cart` VALUES (5000,1,1,0,0,1,'카페모카',0),(5000,1,1,0,0,1,'카푸치노',0),(5500,1,1,0,0,1,'복숭아에이드',1),(4500,1,1,0,0,1,'블루레몬에이드',1),(4500,NULL,NULL,NULL,NULL,1,'마카롱',1),(4500,NULL,NULL,NULL,NULL,1,'마카롱',1),(5500,2,1,0,0,1,'바닐라 라떼',2),(4500,1,1,0,0,1,'레몬 에이드',2),(6000,1,2,0,0,1,'복숭아에이드',3),(5000,1,2,0,0,1,'블루레몬에이드',3),(5500,1,2,0,0,1,'오렌지에이드',3),(4000,1,1,0,0,1,'유자차',4),(5000,1,2,0,0,1,'얼그레이',4),(4500,1,2,0,0,1,'자몽차',4),(5000,1,2,0,0,1,'카모마일',4),(5500,1,2,0,0,2,'밀크티',5),(6300,1,2,1,2,1,'바닐라 라떼',5),(6500,NULL,NULL,NULL,NULL,1,'딸기조각케이크',5),(6500,NULL,NULL,NULL,NULL,1,'딸기조각케이크',5),(5500,NULL,NULL,NULL,NULL,1,'샌드위치',5),(4000,2,2,1,0,2,'에스프레소',6),(6800,2,2,1,2,1,'카라멜마끼아또',6),(5000,NULL,NULL,NULL,NULL,1,'베이글',6),(5000,NULL,NULL,NULL,NULL,1,'베이글',6),(5000,1,2,0,0,1,'얼그레이',7),(4500,1,2,0,0,1,'유자차',7),(6500,NULL,NULL,NULL,NULL,1,'아이스크림크로플',7),(6500,NULL,NULL,NULL,NULL,1,'아이스크림크로플',7),(6500,1,2,0,0,1,'카라멜마끼아또',8),(6100,2,2,1,3,1,'카페라떼',8),(6000,NULL,NULL,NULL,NULL,1,'허니브레드',8),(6000,NULL,NULL,NULL,NULL,1,'허니브레드',8),(5300,2,2,1,2,3,'아메리카노',9),(5000,NULL,NULL,NULL,NULL,1,'베이글',9),(4500,2,1,0,0,1,'블루레몬에이드',10),(5000,2,1,0,0,1,'유자에이드',10),(5000,2,1,0,0,1,'자몽에이드',10),(5500,2,2,0,0,1,'밀크티',10),(5500,NULL,NULL,NULL,NULL,1,'샌드위치',10),(5500,NULL,NULL,NULL,NULL,1,'샌드위치',10),(6500,1,2,1,0,1,'카라멜마끼아또',11),(5000,2,2,0,0,1,'레몬 에이드',11),(5500,NULL,NULL,NULL,NULL,1,'샌드위치',11),(6500,NULL,NULL,NULL,NULL,1,'딸기조각케이크',11),(4500,1,2,0,0,1,'레몬차',12),(4500,2,2,0,0,1,'유자차',12),(6500,NULL,NULL,NULL,NULL,1,'딸기조각케이크',12),(6000,NULL,NULL,NULL,NULL,1,'허니브레드',12),(6000,NULL,NULL,NULL,NULL,1,'허니브레드',12),(6000,NULL,NULL,NULL,NULL,1,'치즈조각케이크',12),(6500,NULL,NULL,NULL,NULL,1,'초코조각케이크',12),(5500,1,2,0,0,1,'오렌지에이드',12),(5000,2,1,0,0,1,'오렌지에이드',12),(6100,2,3,0,3,1,'블루레몬에이드',12),(6500,1,3,2,0,1,'아포가토',13),(4000,1,2,1,0,1,'에스프레소',13),(4500,1,1,0,0,1,'얼그레이',14),(4500,1,2,0,0,1,'유자차',14),(5000,NULL,NULL,NULL,NULL,1,'베이글',14),(6100,2,3,1,3,2,'아메리카노',15),(5300,2,2,0,2,2,'레몬 에이드',15),(5000,2,2,1,0,2,'아메리카노',16),(6500,NULL,NULL,NULL,NULL,1,'딸기조각케이크',17),(6500,NULL,NULL,NULL,NULL,1,'딸기조각케이크',17),(6500,NULL,NULL,NULL,NULL,1,'아이스크림크로플',17),(4000,1,2,2,0,3,'에스프레소',18),(4500,NULL,NULL,NULL,NULL,1,'마카롱',18),(3500,1,1,0,0,1,'에스프레소',18),(4500,NULL,NULL,NULL,NULL,1,'마카롱',19),(6500,NULL,NULL,NULL,NULL,1,'딸기조각케이크',19),(5000,NULL,NULL,NULL,NULL,1,'베이글',19),(5500,1,1,0,0,1,'복숭아에이드',19),(4500,1,1,0,0,1,'블루레몬에이드',19),(5000,2,1,0,0,1,'오렌지에이드',19),(6000,1,2,0,0,2,'복숭아에이드',20),(4500,1,2,0,0,1,'유자차',20),(4500,NULL,NULL,NULL,NULL,1,'마카롱',20),(5000,2,2,0,0,10,'아메리카노',21),(5000,2,2,0,0,10,'아메리카노',22),(4500,1,2,0,0,3,'유자차',22),(6500,NULL,NULL,NULL,NULL,1,'아이스크림크로플',22),(6500,NULL,NULL,NULL,NULL,1,'아이스크림크로플',22),(6500,NULL,NULL,NULL,NULL,1,'아이스크림크로플',22),(4000,1,2,1,0,3,'에스프레소',23),(6500,NULL,NULL,NULL,NULL,1,'딸기조각케이크',23),(4000,1,1,0,0,1,'유자차',23),(5000,2,2,0,0,1,'아메리카노',24),(5500,NULL,NULL,NULL,NULL,1,'샌드위치',25),(4800,2,1,0,2,4,'아메리카노',26),(5000,2,3,0,0,5,'자몽차',26),(6000,1,2,1,0,3,'바닐라 라떼',27),(6000,1,3,0,0,1,'밀크티',27),(4500,NULL,NULL,NULL,NULL,1,'마카롱',27),(4500,NULL,NULL,NULL,NULL,1,'마카롱',27),(4500,2,2,0,0,3,'레몬차',28),(5000,1,2,0,0,2,'얼그레이',29),(4500,NULL,NULL,NULL,NULL,1,'마카롱',29),(4500,NULL,NULL,NULL,NULL,1,'마카롱',29),(4500,1,1,0,0,1,'블루레몬에이드',29),(5000,2,1,0,0,1,'오렌지에이드',29),(5500,2,1,0,0,6,'복숭아에이드',30),(4500,NULL,NULL,NULL,NULL,1,'마카롱',30),(5000,2,2,0,0,4,'아메리카노',31),(6500,NULL,NULL,NULL,NULL,1,'딸기조각케이크',31),(6500,NULL,NULL,NULL,NULL,1,'딸기조각케이크',31),(6500,NULL,NULL,NULL,NULL,1,'딸기조각케이크',31),(5500,NULL,NULL,NULL,NULL,1,'샌드위치',31),(5500,1,2,1,0,3,'밀크티',32),(4500,NULL,NULL,NULL,NULL,1,'마카롱',32),(5000,NULL,NULL,NULL,NULL,1,'베이글',32),(5500,NULL,NULL,NULL,NULL,1,'샌드위치',32),(6500,NULL,NULL,NULL,NULL,1,'아이스크림크로플',32),(6500,1,3,1,0,3,'바닐라 라떼',33),(5500,2,2,0,0,2,'밀크티',33),(6000,NULL,NULL,NULL,NULL,1,'허니브레드',33),(6000,NULL,NULL,NULL,NULL,1,'치즈크로플',33),(6000,NULL,NULL,NULL,NULL,1,'허니브레드',33),(6000,NULL,NULL,NULL,NULL,1,'치즈크로플',33),(6000,2,2,0,0,1,'복숭아에이드',34),(5000,2,2,0,0,1,'블루레몬에이드',34),(5500,2,2,0,0,1,'오렌지에이드',34),(6000,2,2,1,0,4,'청포도에이드',34),(5500,NULL,NULL,NULL,NULL,1,'샌드위치',35),(5500,NULL,NULL,NULL,NULL,1,'샌드위치',35),(5500,NULL,NULL,NULL,NULL,1,'샌드위치',35),(5500,NULL,NULL,NULL,NULL,1,'샌드위치',35),(5500,1,2,0,0,1,'밀크티',35),(5000,1,3,0,0,1,'유자차',35),(5000,1,2,0,0,1,'아메리카노',36),(5500,NULL,NULL,NULL,NULL,1,'샌드위치',37),(5000,2,2,0,0,2,'아메리카노',38),(4500,2,2,0,0,3,'유자차',39),(5000,NULL,NULL,NULL,NULL,1,'베이글',39),(6000,1,2,1,0,2,'바닐라 라떼',40),(5500,2,2,0,0,2,'밀크티',40),(4500,NULL,NULL,NULL,NULL,1,'마카롱',40),(5000,2,2,0,0,5,'아메리카노',41),(6500,NULL,NULL,NULL,NULL,1,'딸기조각케이크',41),(6500,NULL,NULL,NULL,NULL,1,'딸기조각케이크',41),(4000,1,2,1,0,2,'에스프레소',42),(5000,2,2,0,0,4,'아메리카노',43),(5000,NULL,NULL,NULL,NULL,1,'베이글',43),(5000,NULL,NULL,NULL,NULL,1,'베이글',43),(4500,1,1,0,0,1,'얼그레이',43),(6000,2,2,0,0,1,'복숭아에이드',44),(6000,2,2,0,0,1,'복숭아에이드',44),(5500,1,2,2,0,1,'오렌지에이드',44),(5000,2,2,0,0,13,'아메리카노',45),(4500,NULL,NULL,NULL,NULL,1,'마카롱',45),(4500,NULL,NULL,NULL,NULL,1,'마카롱',45),(4500,NULL,NULL,NULL,NULL,1,'마카롱',45),(6000,1,2,0,0,1,'아포가토',46),(4500,1,1,0,0,1,'얼그레이',46),(5000,NULL,NULL,NULL,NULL,1,'베이글',46),(6000,2,2,0,0,4,'복숭아에이드',47),(5000,2,2,0,0,4,'아메리카노',48),(4500,NULL,NULL,NULL,NULL,1,'마카롱',48),(6000,2,2,0,0,4,'바닐라 라떼',49),(5500,NULL,NULL,NULL,NULL,1,'샌드위치',49),(5000,NULL,NULL,NULL,NULL,1,'베이글',49),(5500,NULL,NULL,NULL,NULL,1,'샌드위치',49),(5000,NULL,NULL,NULL,NULL,1,'베이글',49),(4500,2,1,0,0,4,'아메리카노',50),(4500,2,1,0,0,2,'얼그레이',50),(4500,2,1,0,0,2,'블루레몬에이드',51),(5000,2,1,0,0,4,'오렌지에이드',51),(4500,NULL,NULL,NULL,NULL,1,'마카롱',51),(6500,NULL,NULL,NULL,NULL,1,'딸기조각케이크',51),(6000,1,2,0,0,4,'바닐라 라떼',52),(5000,2,2,1,0,1,'아메리카노',53),(5000,2,2,0,0,3,'아메리카노',54),(5500,NULL,NULL,NULL,NULL,1,'샌드위치',55),(5500,NULL,NULL,NULL,NULL,1,'샌드위치',55),(5500,NULL,NULL,NULL,NULL,1,'샌드위치',55),(5500,NULL,NULL,NULL,NULL,1,'샌드위치',55),(6500,NULL,NULL,NULL,NULL,1,'딸기조각케이크',55),(4300,2,1,0,2,3,'유자차',56),(5000,2,2,0,0,1,'아메리카노',56),(5000,2,2,0,0,1,'아메리카노',57),(6800,1,2,0,2,3,'카라멜마끼아또',57),(5500,2,2,0,0,4,'밀크티',58),(5000,1,2,2,0,1,'페퍼민트',58),(4500,NULL,NULL,NULL,NULL,1,'마카롱',58),(5000,NULL,NULL,NULL,NULL,1,'베이글',58),(6000,2,2,0,0,2,'복숭아에이드',59),(5000,2,2,0,0,1,'블루레몬에이드',59),(4500,NULL,NULL,NULL,NULL,1,'마카롱',59),(4500,NULL,NULL,NULL,NULL,1,'마카롱',59),(5500,NULL,NULL,NULL,NULL,1,'샌드위치',60),(5500,NULL,NULL,NULL,NULL,1,'샌드위치',60),(5500,NULL,NULL,NULL,NULL,1,'샌드위치',60),(5500,NULL,NULL,NULL,NULL,1,'샌드위치',60),(5500,NULL,NULL,NULL,NULL,1,'샌드위치',60),(5500,NULL,NULL,NULL,NULL,1,'샌드위치',60),(5500,2,2,0,0,6,'오렌지에이드',60),(5000,2,2,0,0,1,'아메리카노',61),(6000,2,2,0,0,3,'복숭아에이드',62),(6300,1,2,0,2,2,'청포도에이드',62),(5500,2,2,0,0,2,'자몽에이드',62),(5500,1,2,0,0,3,'밀크티',63),(4500,1,1,0,0,3,'카모마일',63),(4500,NULL,NULL,NULL,NULL,1,'마카롱',63),(5500,2,2,0,0,1,'오렌지에이드',64),(5000,2,2,0,0,1,'얼그레이',64),(6500,NULL,NULL,NULL,NULL,1,'딸기조각케이크',64),(6500,NULL,NULL,NULL,NULL,1,'초코조각케이크',64),(6000,NULL,NULL,NULL,NULL,1,'치즈조각케이크',64),(4500,2,2,0,0,3,'유자차',65),(4500,NULL,NULL,NULL,NULL,1,'마카롱',65),(4500,NULL,NULL,NULL,NULL,1,'마카롱',65),(4500,NULL,NULL,NULL,NULL,1,'마카롱',65),(6000,NULL,NULL,NULL,NULL,1,'치즈크로플',65),(5300,2,3,0,2,2,'레몬차',66),(4500,1,1,0,0,3,'아메리카노',67),(7300,1,3,1,2,3,'카라멜마끼아또',68),(5500,1,3,0,0,3,'얼그레이',69),(4500,NULL,NULL,NULL,NULL,1,'마카롱',69),(4500,NULL,NULL,NULL,NULL,1,'마카롱',69),(6500,1,3,0,0,4,'바닐라 라떼',69),(6500,1,3,0,0,3,'복숭아에이드',69),(5500,1,3,0,0,2,'페퍼민트',69),(5800,1,1,1,2,2,'바닐라 라떼',71),(4500,1,1,0,0,1,'블루레몬에이드',71),(6500,NULL,NULL,NULL,NULL,1,'딸기조각케이크',71),(6100,1,3,1,3,1,'아메리카노',72),(5500,1,3,2,0,1,'얼그레이',72),(5000,NULL,NULL,NULL,NULL,1,'베이글',72),(5500,NULL,NULL,NULL,NULL,1,'샌드위치',72),(5500,1,1,0,0,1,'복숭아에이드',72),(3500,1,1,0,0,1,'에스프레소',73),(4500,1,1,0,0,1,'얼그레이',73),(5500,1,1,0,0,1,'복숭아에이드',73),(5500,1,1,0,0,1,'헤이즐넛라떼',73),(4500,1,1,0,0,1,'아메리카노',74),(4500,1,1,0,0,1,'얼그레이',74),(4000,1,1,0,0,1,'유자차',74),(5500,NULL,NULL,NULL,NULL,1,'샌드위치',74),(6500,NULL,NULL,NULL,NULL,1,'아이스크림크로플',74),(5500,1,1,0,0,1,'바닐라 라떼',75),(5000,NULL,NULL,NULL,NULL,1,'베이글',75),(5500,NULL,NULL,NULL,NULL,1,'샌드위치',75),(4500,1,1,0,0,1,'아메리카노',76),(4500,1,1,0,0,1,'얼그레이',76),(5500,NULL,NULL,NULL,NULL,1,'샌드위치',76),(5000,NULL,NULL,NULL,NULL,1,'베이글',76),(4500,NULL,NULL,NULL,NULL,1,'마카롱',76),(4500,1,1,0,0,1,'아메리카노',77),(3500,1,1,0,0,1,'에스프레소',77),(4500,1,1,0,0,1,'얼그레이',77),(5500,NULL,NULL,NULL,NULL,1,'샌드위치',77),(5500,NULL,NULL,NULL,NULL,1,'샌드위치',77),(4500,1,1,0,0,1,'아메리카노',78),(5500,1,1,0,0,1,'아포가토',78),(5500,NULL,NULL,NULL,NULL,1,'샌드위치',78),(5500,NULL,NULL,NULL,NULL,1,'샌드위치',78),(5500,NULL,NULL,NULL,NULL,1,'샌드위치',78),(5500,1,1,0,0,1,'바닐라 라떼',79),(5500,NULL,NULL,NULL,NULL,1,'샌드위치',79),(5500,NULL,NULL,NULL,NULL,1,'샌드위치',79),(5000,NULL,NULL,NULL,NULL,1,'베이글',79),(4000,1,1,0,0,1,'유자차',79),(4500,1,1,0,0,1,'아메리카노',80),(4500,1,1,0,0,1,'얼그레이',80),(5500,NULL,NULL,NULL,NULL,1,'샌드위치',80),(5500,NULL,NULL,NULL,NULL,1,'샌드위치',80),(5500,NULL,NULL,NULL,NULL,1,'샌드위치',80),(5500,NULL,NULL,NULL,NULL,1,'샌드위치',80),(5500,NULL,NULL,NULL,NULL,1,'샌드위치',80),(4500,1,1,0,0,1,'아메리카노',81),(4500,NULL,NULL,NULL,NULL,1,'마카롱',81),(6500,NULL,NULL,NULL,NULL,1,'딸기조각케이크',81),(5500,1,1,0,0,1,'바닐라 라떼',82),(4500,1,1,0,0,1,'아메리카노',82),(6000,NULL,NULL,NULL,NULL,1,'치즈크로플',82),(6000,NULL,NULL,NULL,NULL,1,'치즈크로플',82),(6500,NULL,NULL,NULL,NULL,1,'초코조각케이크',82),(5500,1,1,0,0,1,'바닐라 라떼',83),(5500,1,1,0,0,1,'아포가토',83),(4500,NULL,NULL,NULL,NULL,1,'마카롱',83),(4500,NULL,NULL,NULL,NULL,1,'마카롱',83),(4500,NULL,NULL,NULL,NULL,1,'마카롱',83),(5500,1,1,0,0,1,'바닐라 라떼',84),(5000,1,1,0,0,1,'카페모카',84),(5000,1,1,0,0,1,'카페라떼',84),(6000,NULL,NULL,NULL,NULL,1,'치즈크로플',84),(6000,NULL,NULL,NULL,NULL,1,'치즈조각케이크',84),(6500,NULL,NULL,NULL,NULL,1,'초코조각케이크',84),(5500,1,1,0,0,1,'바닐라 라떼',85),(4500,1,1,0,0,3,'블루레몬에이드',85),(4500,1,1,0,0,1,'아메리카노',86),(3500,1,1,0,0,1,'에스프레소',86),(4500,1,1,0,0,1,'얼그레이',86),(4500,1,1,0,0,1,'아메리카노',87),(5000,1,1,0,0,1,'밀크티',87),(5000,NULL,NULL,NULL,NULL,1,'베이글',87),(5000,NULL,NULL,NULL,NULL,1,'베이글',87),(5000,NULL,NULL,NULL,NULL,1,'베이글',87),(4500,1,1,0,0,1,'아메리카노',88),(4500,1,1,0,0,1,'얼그레이',88),(5500,NULL,NULL,NULL,NULL,1,'앙버터',88),(6500,NULL,NULL,NULL,NULL,1,'초코조각케이크',88),(6500,NULL,NULL,NULL,NULL,1,'초코조각케이크',88),(4500,1,1,0,0,1,'아메리카노',89),(4500,1,1,0,0,1,'얼그레이',89),(4500,1,1,0,0,1,'얼그레이',89),(5500,NULL,NULL,NULL,NULL,1,'샌드위치',89),(5500,NULL,NULL,NULL,NULL,1,'샌드위치',89),(4500,1,1,0,0,1,'아메리카노',90),(5000,NULL,NULL,NULL,NULL,1,'베이글',90),(5500,1,1,0,0,1,'바닐라 라떼',91),(4000,1,1,0,0,1,'유자차',91),(5500,1,1,0,0,1,'바닐라 라떼',92),(4000,1,1,0,0,1,'레몬차',92),(6500,NULL,NULL,NULL,NULL,1,'딸기조각케이크',92),(6500,NULL,NULL,NULL,NULL,1,'딸기조각케이크',92),(5500,1,1,0,0,1,'바닐라 라떼',93),(3500,1,1,0,0,1,'에스프레소',93),(5500,NULL,NULL,NULL,NULL,1,'샌드위치',93),(6500,NULL,NULL,NULL,NULL,1,'딸기조각케이크',93),(5500,1,1,0,0,1,'바닐라 라떼',94),(4500,1,1,0,0,1,'아메리카노',94),(4500,1,1,0,0,1,'아메리카노',95),(5500,NULL,NULL,NULL,NULL,1,'샌드위치',95),(4500,NULL,NULL,NULL,NULL,1,'마카롱',95),(4500,1,1,0,0,1,'아메리카노',96),(4500,1,1,0,0,1,'아메리카노',97),(5500,1,1,0,0,1,'바닐라 라떼',97),(5500,1,1,0,0,1,'바닐라 라떼',98),(4500,NULL,NULL,NULL,NULL,1,'마카롱',98),(4500,NULL,NULL,NULL,NULL,1,'마카롱',98),(5500,1,1,0,0,1,'바닐라 라떼',99),(5000,NULL,NULL,NULL,NULL,1,'베이글',99),(5000,1,1,0,0,1,'밀크티',99),(5500,1,1,0,0,1,'바닐라 라떼',100),(4500,1,1,0,0,1,'아메리카노',101),(5000,NULL,NULL,NULL,NULL,1,'베이글',101),(4500,NULL,NULL,NULL,NULL,1,'마카롱',101),(5500,1,1,0,0,1,'바닐라 라떼',102),(5500,NULL,NULL,NULL,NULL,1,'샌드위치',102),(5000,NULL,NULL,NULL,NULL,1,'베이글',102),(4500,1,1,0,0,1,'아메리카노',103),(3500,1,1,0,0,1,'에스프레소',103),(5000,NULL,NULL,NULL,NULL,1,'베이글',103),(5000,1,1,0,0,1,'밀크티',103),(5500,1,1,0,0,1,'복숭아에이드',103),(5500,NULL,NULL,NULL,NULL,1,'샌드위치',103),(5500,NULL,NULL,NULL,NULL,1,'샌드위치',103),(4500,1,1,0,0,1,'아메리카노',104),(4500,1,1,0,0,1,'아메리카노',104),(5500,NULL,NULL,NULL,NULL,1,'샌드위치',104),(5500,NULL,NULL,NULL,NULL,1,'샌드위치',104),(5500,NULL,NULL,NULL,NULL,1,'샌드위치',104),(5500,1,1,0,0,1,'바닐라 라떼',105),(4500,1,1,0,0,3,'아메리카노',105),(5500,NULL,NULL,NULL,NULL,1,'샌드위치',105),(5500,NULL,NULL,NULL,NULL,1,'샌드위치',105),(5500,NULL,NULL,NULL,NULL,1,'샌드위치',105),(5500,NULL,NULL,NULL,NULL,1,'샌드위치',105),(6100,1,1,0,3,1,'바닐라 라떼',106),(3500,1,1,2,0,1,'에스프레소',106),(6500,2,3,2,0,1,'바닐라 라떼',106),(6500,2,3,0,0,1,'바닐라 라떼',107),(4500,2,1,2,0,1,'얼그레이',107),(5500,NULL,NULL,NULL,NULL,1,'샌드위치',107),(5500,NULL,NULL,NULL,NULL,1,'샌드위치',107),(5500,NULL,NULL,NULL,NULL,1,'샌드위치',107),(6500,2,3,0,0,1,'바닐라 라떼',108),(4500,1,1,0,0,1,'얼그레이',108),(5000,NULL,NULL,NULL,NULL,1,'베이글',108),(5000,NULL,NULL,NULL,NULL,1,'베이글',108),(5000,NULL,NULL,NULL,NULL,1,'베이글',108),(5500,1,1,0,0,1,'바닐라 라떼',109),(5500,1,1,0,0,1,'바닐라 라떼',110),(4000,1,1,0,0,1,'유자차',110),(6500,NULL,NULL,NULL,NULL,1,'초코조각케이크',110),(6500,NULL,NULL,NULL,NULL,1,'초코조각케이크',110),(6500,NULL,NULL,NULL,NULL,1,'초코조각케이크',110),(5500,1,1,0,0,1,'바닐라 라떼',111),(4500,1,1,0,0,1,'얼그레이',111),(5500,NULL,NULL,NULL,NULL,1,'샌드위치',111),(5500,NULL,NULL,NULL,NULL,1,'샌드위치',111),(5000,NULL,NULL,NULL,NULL,1,'베이글',111),(5500,2,1,0,0,1,'바닐라 라떼',112),(4000,2,1,0,0,1,'레몬차',112),(6500,2,3,0,0,1,'바닐라 라떼',113),(5500,NULL,NULL,NULL,NULL,1,'샌드위치',113),(5500,NULL,NULL,NULL,NULL,1,'샌드위치',113),(6500,2,3,0,0,1,'바닐라 라떼',114),(5500,2,3,0,0,1,'얼그레이',114),(5500,NULL,NULL,NULL,NULL,1,'샌드위치',114),(5500,2,1,0,0,1,'복숭아에이드',114),(5500,1,1,0,0,1,'바닐라 라떼',115),(5500,1,1,0,0,1,'아포가토',115),(5500,NULL,NULL,NULL,NULL,1,'샌드위치',115),(5500,NULL,NULL,NULL,NULL,1,'샌드위치',115),(5500,1,1,0,0,1,'바닐라 라떼',116),(4500,1,1,0,0,1,'얼그레이',116),(5500,NULL,NULL,NULL,NULL,1,'샌드위치',116),(5500,NULL,NULL,NULL,NULL,1,'샌드위치',116),(5500,1,1,0,0,1,'바닐라 라떼',117),(4000,1,1,0,0,1,'유자차',117),(5000,NULL,NULL,NULL,NULL,1,'베이글',117),(5000,NULL,NULL,NULL,NULL,1,'베이글',117),(5500,1,1,0,0,1,'바닐라 라떼',118),(4500,1,1,0,0,1,'얼그레이',118),(6500,NULL,NULL,NULL,NULL,1,'아이스크림크로플',118),(5500,1,1,0,0,1,'바닐라 라떼',119),(5500,NULL,NULL,NULL,NULL,1,'샌드위치',119),(6500,1,3,2,0,1,'바닐라 라떼',120),(4500,1,1,0,0,1,'얼그레이',120),(5000,1,1,0,0,1,'밀크티',120),(5000,NULL,NULL,NULL,NULL,1,'베이글',120),(5500,1,1,0,0,1,'복숭아에이드',120),(4500,1,1,0,0,1,'블루레몬에이드',120),(5000,1,1,0,0,1,'오렌지에이드',120),(5000,1,1,0,0,1,'오렌지에이드',120),(5500,1,1,0,0,1,'바닐라 라떼',121),(4500,1,1,0,0,1,'얼그레이',121),(5500,NULL,NULL,NULL,NULL,1,'샌드위치',121),(5500,NULL,NULL,NULL,NULL,1,'샌드위치',121),(5000,1,1,0,0,1,'오렌지에이드',121),(5000,1,1,0,0,1,'자몽에이드',121),(5500,1,1,0,0,1,'바닐라 라떼',122),(5000,1,1,0,0,1,'밀크티',122),(4000,1,1,0,0,1,'유자차',122),(5500,NULL,NULL,NULL,NULL,1,'샌드위치',122),(5500,NULL,NULL,NULL,NULL,1,'샌드위치',122),(5500,1,1,0,0,1,'바닐라 라떼',123),(5500,1,1,0,0,1,'복숭아에이드',123),(5000,1,1,0,0,1,'오렌지에이드',123),(5500,NULL,NULL,NULL,NULL,1,'샌드위치',123),(5500,1,1,0,0,1,'바닐라 라떼',124),(3500,1,1,0,0,1,'에스프레소',124),(5500,NULL,NULL,NULL,NULL,1,'샌드위치',124),(5500,NULL,NULL,NULL,NULL,1,'샌드위치',124),(5500,1,1,0,0,1,'바닐라 라떼',125),(4500,1,1,0,0,1,'얼그레이',125),(5500,NULL,NULL,NULL,NULL,1,'샌드위치',125),(5500,NULL,NULL,NULL,NULL,1,'샌드위치',125),(5500,NULL,NULL,NULL,NULL,1,'샌드위치',125),(5500,1,1,0,0,1,'바닐라 라떼',126),(4500,1,1,0,0,1,'카모마일',126),(4500,1,1,0,0,1,'페퍼민트',126),(5500,NULL,NULL,NULL,NULL,1,'샌드위치',126),(6000,NULL,NULL,NULL,NULL,1,'치즈크로플',126),(6000,NULL,NULL,NULL,NULL,1,'치즈조각케이크',126),(6000,NULL,NULL,NULL,NULL,1,'허니브레드',126),(4500,1,1,0,0,1,'아메리카노',127),(4500,1,1,0,0,1,'페퍼민트',127),(5500,1,1,0,0,1,'청포도에이드',127),(5000,1,1,0,0,1,'카푸치노',127),(5500,1,1,0,0,1,'헤이즐넛라떼',127),(5500,1,1,0,0,1,'바닐라 라떼',128),(4000,1,1,0,0,1,'유자차',128),(4500,1,1,0,0,1,'카모마일',128),(5500,NULL,NULL,NULL,NULL,1,'샌드위치',128),(5000,NULL,NULL,NULL,NULL,1,'베이글',128),(4500,1,1,0,0,1,'페퍼민트',128),(4500,1,1,0,0,1,'카모마일',128),(5500,1,1,0,0,1,'바닐라 라떼',129),(4500,1,1,0,0,1,'얼그레이',129),(5500,NULL,NULL,NULL,NULL,1,'샌드위치',129),(5500,1,1,0,0,1,'바닐라 라떼',130),(5500,1,1,0,0,1,'바닐라 라떼',131),(5500,1,1,0,0,1,'헤이즐넛라떼',131),(5000,1,1,0,0,1,'카푸치노',131),(5000,1,1,0,0,1,'카페모카',131),(5000,1,1,0,0,1,'카페라떼',131),(5500,1,1,0,0,1,'바닐라 라떼',132),(4500,1,1,0,0,1,'블루레몬에이드',132),(5500,1,1,0,0,1,'청포도에이드',132),(5500,NULL,NULL,NULL,NULL,1,'샌드위치',132),(5500,NULL,NULL,NULL,NULL,1,'샌드위치',132),(5500,1,1,0,0,1,'바닐라 라떼',133),(5500,NULL,NULL,NULL,NULL,1,'샌드위치',133),(6000,NULL,NULL,NULL,NULL,1,'치즈조각케이크',133),(5500,1,1,0,0,1,'바닐라 라떼',134),(5500,NULL,NULL,NULL,NULL,1,'샌드위치',134),(5000,NULL,NULL,NULL,NULL,1,'베이글',134),(4500,1,1,0,0,1,'레몬 에이드',135),(5500,1,1,0,0,1,'바닐라 라떼',136),(4500,1,1,0,0,1,'얼그레이',136),(5500,1,1,0,0,1,'바닐라 라떼',137),(5500,NULL,NULL,NULL,NULL,1,'샌드위치',137),(5500,1,1,0,0,1,'바닐라 라떼',138),(4500,1,1,0,0,1,'블루레몬에이드',138),(5500,1,1,0,0,1,'바닐라 라떼',139),(4500,1,1,0,0,1,'얼그레이',139),(4500,1,1,0,0,1,'아메리카노',140),(5500,1,1,0,0,1,'바닐라 라떼',141),(4500,1,1,0,0,1,'얼그레이',141),(4500,1,1,0,0,1,'아메리카노',142),(5500,NULL,NULL,NULL,NULL,1,'샌드위치',142),(5500,NULL,NULL,NULL,NULL,1,'샌드위치',142),(5500,1,1,0,0,1,'바닐라 라떼',143),(5500,1,1,0,0,1,'바닐라 라떼',144),(5500,NULL,NULL,NULL,NULL,1,'샌드위치',144),(4500,1,1,0,0,1,'아메리카노',145),(5500,1,1,0,0,1,'바닐라 라떼',146),(5500,1,1,0,0,1,'아포가토',146),(5500,1,1,0,0,1,'바닐라 라떼',147),(5500,1,1,0,0,1,'바닐라 라떼',148),(4500,1,1,0,0,1,'얼그레이',148),(4500,1,1,0,0,1,'아메리카노',149),(3500,1,1,0,0,1,'에스프레소',149),(5000,NULL,NULL,NULL,NULL,1,'베이글',149),(5000,NULL,NULL,NULL,NULL,1,'베이글',149),(5500,1,1,0,0,1,'바닐라 라떼',150),(3500,1,1,0,0,1,'에스프레소',150),(5500,1,1,0,0,1,'바닐라 라떼',151),(4500,1,1,0,0,1,'얼그레이',151),(4500,1,1,0,0,1,'아메리카노',152),(4500,1,1,0,0,1,'아메리카노',153),(4000,1,1,0,0,1,'유자차',153),(5500,NULL,NULL,NULL,NULL,1,'샌드위치',153),(5500,NULL,NULL,NULL,NULL,1,'샌드위치',153),(5500,1,1,0,0,1,'바닐라 라떼',154),(4500,1,1,0,0,1,'아메리카노',155),(3500,1,1,0,0,1,'에스프레소',155),(5500,NULL,NULL,NULL,NULL,1,'샌드위치',155),(5500,1,1,0,0,1,'바닐라 라떼',156),(3500,1,1,0,0,1,'에스프레소',156),(5500,1,1,0,0,1,'바닐라 라떼',157),(4500,1,1,0,0,1,'얼그레이',157),(5500,1,1,0,0,1,'바닐라 라떼',158),(5500,1,1,0,0,1,'바닐라 라떼',159),(5500,1,1,0,0,1,'헤이즐넛라떼',159),(5000,1,1,0,0,1,'카푸치노',159),(5000,1,1,0,0,1,'카페모카',159),(5000,1,1,0,0,1,'카페라떼',159),(5500,1,1,0,0,1,'바닐라 라떼',160),(5000,1,1,0,0,1,'카페라떼',160),(5500,1,1,0,0,1,'바닐라 라떼',161),(4500,1,1,0,0,1,'페퍼민트',161),(4000,1,1,0,0,1,'자몽차',161),(4000,1,1,0,0,1,'유자차',161),(5500,1,1,0,0,1,'바닐라 라떼',162),(4500,1,1,0,0,1,'얼그레이',162),(5500,1,1,0,0,1,'바닐라 라떼',163),(6000,NULL,NULL,NULL,NULL,1,'치즈크로플',163),(6000,NULL,NULL,NULL,NULL,1,'치즈크로플',163),(5500,1,1,0,0,1,'바닐라 라떼',164),(5500,1,1,0,0,1,'헤이즐넛라떼',164),(5000,1,1,0,0,1,'카페라떼',164),(5000,1,1,0,0,1,'카페모카',164),(5500,1,1,0,0,1,'바닐라 라떼',166),(4500,1,1,0,0,1,'블루레몬에이드',166),(5500,1,1,0,0,1,'바닐라 라떼',167),(4000,1,1,0,0,1,'유자차',167),(6000,NULL,NULL,NULL,NULL,1,'허니브레드',167),(6000,NULL,NULL,NULL,NULL,1,'허니브레드',167),(6000,NULL,NULL,NULL,NULL,1,'허니브레드',167),(5500,1,1,0,0,1,'바닐라 라떼',168),(4500,1,1,0,0,1,'얼그레이',168),(5500,1,1,0,0,1,'바닐라 라떼',169),(4500,1,1,0,0,1,'얼그레이',169),(5500,NULL,NULL,NULL,NULL,1,'샌드위치',169),(5500,NULL,NULL,NULL,NULL,1,'샌드위치',169),(5500,NULL,NULL,NULL,NULL,1,'샌드위치',169),(5500,1,1,0,0,1,'바닐라 라떼',170),(4500,1,1,0,0,1,'얼그레이',170),(5500,1,1,0,0,1,'바닐라 라떼',171),(4500,1,1,0,0,1,'아메리카노',173),(4500,1,1,0,0,1,'페퍼민트',174),(4500,1,1,0,0,1,'카모마일',174),(4000,1,1,0,0,1,'자몽차',174),(5500,1,1,0,0,1,'헤이즐넛라떼',175),(5000,1,1,0,0,1,'카푸치노',175),(5000,1,1,0,0,1,'카페모카',175),(5500,1,1,0,0,1,'바닐라 라떼',176),(4500,1,1,0,0,1,'얼그레이',176);
UNLOCK TABLES;
DELETE FROM menu WHERE menu_name = '레몬 에이드';
DELETE FROM menu WHERE menu_name = '레몬차';
DELETE FROM menu WHERE menu_name = '헤이즐넛라떼';
DELETE FROM menu WHERE menu_name = '에스프레소';